wiki_movie_id,freebase_movie_id,character_name,actor_gender,actor_height,actor_ethnicity_id,actor_name,freebase_map_id,freebase_character_id,freebase_actor_id,actor_dob,movie_release_date,ethn_name,race,character_description,actor_description
Wikipedia movie ID,Freebase movie ID,Character name,Actor gender,Actor height (in meters),Actor ethnicity (Freebase ID),Actor name,Freebase character/actor map ID,Freebase character ID,Freebase actor ID,actor_date_of_birth,movie_release_date,ethn_name,race,,
975900,/m/03vyhn,Akooshay,F,1.62,,Wanda De Jesus,/m/0bgchxw,/m/0bgcj3x,/m/03wcfv7,1958-08-26,2001-08-24,,,,"Wanda De Jesus (born August 26, 1958) is an American character actress."
975900,/m/03vyhn,Lieutenant Melanie Ballard,F,1.78,/m/044038p,Natasha Henstridge,/m/0jys3m,/m/0bgchn4,/m/0346l4,1974-08-15,2001-08-24,,,,"Natasha Tonya Henstridge (born August 15, 1974) is a Canadian actress. In 1995, she rose to prominence with her debut role in the science-fiction horror film Species, followed by performances in Speci..."
975900,/m/03vyhn,Desolation Williams,M,1.727,/m/0x67,Ice Cube,/m/0jys3g,/m/0bgchn_,/m/01vw26l,1969-06-15,2001-08-24,African American,African,,"O'Shea Jackson Sr. (born June 15, 1969), known professionally as Ice Cube, is an American rapper, songwriter, actor, and film producer. His lyrics on N.W.A's 1988 album Straight Outta Compton contribu..."
975900,/m/03vyhn,Sgt Jericho Butler,M,1.75,,Jason Statham,/m/02vchl6,/m/0bgchnq,/m/034hyc,1967-09-12,2001-08-24,,,,"Jason Statham ( STAY-thəm; born 26 July 1967) is an English actor, producer, and former model and diver. He is known for portraying tough, gritty, or violent characters in various action thriller film..."
975900,/m/03vyhn,Bashira Kincaid,F,1.65,,Clea DuVall,/m/02vbb3r,/m/0bgchp9,/m/01y9xg,1977-09-25,2001-08-24,,,,"Clea Helen D'Etienne DuVall (born September 25, 1977) is an American actress, director and screenwriter. Her film appearances include The Faculty (1998); But I'm a Cheerleader; Girl, Interrupted (both..."
975900,/m/03vyhn,Commander Helena Braddock,F,1.727,/m/0x67,Pam Grier,/m/02vdcfp,/m/0bgchnd,/m/0418ft,1949-05-26,2001-08-24,African American,African,,"Pamela Suzette Grier (born May 26, 1949) is an American actress, singer, and martial artist. Described by Quentin Tarantino as cinema's first female action star (although, many believe Cheng Pei-pei a..."
975900,/m/03vyhn,Whitlock,F,1.753,,Joanna Cassidy,/m/02vd6kw,/m/0bgchmx,/m/06lj1m,1945-08-02,2001-08-24,,,,"Joanna Cassidy (born Joanna Virginia Caskey; August 2, 1945) is an American actress and former model. She began working as a model in the 1960s and made her professional acting debut in 1973, appearin..."
975900,/m/03vyhn,Michael Descanso,M,1.892,,Liam Waite,/m/03jqhb0,/m/0bgchs4,/m/0ks8b0,1971-03-20,2001-08-24,,,,
975900,/m/03vyhn,Tres,M,,/m/064b9n,Rodney A. Grant,/m/0bgchrs,/m/0bgchrw,/m/03ydsb,1959-03-09,2001-08-24,Omaha,Indigenous / Native American,,"Rodney Arnold Grant (born March 9, 1959) is a Native American (Omaha) actor. He is best known for his role as ""Wind In His Hair"" (Lakota: Pahíŋ Otȟáte) in the 1990 film Dances with Wolves."
975900,/m/03vyhn,McSimms,M,1.8,,Peter Jason,/m/0bgchxd,/m/0bgchxh,/m/03d663h,1944-07-22,2001-08-24,,,,Peter Jason is an American character actor. He has appeared in over eighty films and a hundred television series. He played Con Stapleton in the series Deadwood. He was a frequent collaborator with Wa...
975900,/m/03vyhn,Benchley,M,,,Doug McGrath,/m/0bgcj4p,/m/0bgcj4s,/m/02r5d3j,1935-08-13,2001-08-24,,,,"Doug McGrath (born April 13, 1935) is a Canadian actor whose most notable role was that of ""Peter"" in the acclaimed Canadian film Goin' Down the Road (1970) and its sequel Down the Road Again (2011). ..."
975900,/m/03vyhn,Rodale,M,,,Robert Carradine,/m/0bgcj51,/m/0bgcj54,/m/026qxz,1954-03-24,2001-08-24,,,,"Robert Reed Carradine ( KARR-ə-deen; born March 24, 1954) is an American actor. A member of the Carradine family, he made his first appearances on television Western series such as Bonanza and his bro..."
975900,/m/03vyhn,,F,,,Rosemary Forsyth,/m/0cg7d4h,,/m/03wc_yl,1943-07-06,2001-08-24,,,,"Rosemary Forsyth (born July 6, 1943) is a Canadian-born American actress. She made her big screen debut in the 1965 Western film Shenandoah, for which she received Golden Globe Award nomination for Ne..."
3196793,/m/08yl5d,Reporter,F,,,Alice Barrett,/m/0lr37d8,/m/0lr3z8g,/m/034dbm,1956-12-19,2000-02-16,,,,"Alice Barrett (born December 19, 1956) is an American actress."
3196793,/m/08yl5d,FBI Profiler Robert Hanks,M,,,Robert Catrini,/m/0lr37g7,/m/0lr3z93,/m/0gbxsl5,1950-01-05,2000-02-16,,,,
3196793,/m/08yl5d,John Ramsey,M,1.85,,Cliff DeYoung,/m/0lr37f7,/m/0lr3z8x,/m/07jbhb,1945-02-12,2000-02-16,,,,"Clifford Tobin DeYoung (born February 12, 1945) is an American actor and musician."
3196793,/m/08yl5d,,M,,,Gary Dubin,/m/0lr37f2,,/m/02pnjkh,1959-05-05,2000-02-16,,,,"Gary Michael Dubin (May 5, 1959 – October 8, 2016) was an American actor. He was best known for his portrayal of Punky Lazaar, a friend of Danny Partridge on The Partridge Family. He also voiced Toulo..."
3196793,/m/08yl5d,Patsy Ramsey,F,1.63,,Judi Evans,/m/0lr37g2,/m/0lr3z8p,/m/034c1p,1964-07-12,2000-02-16,,,,"Judi Evans  (also credited as Judi Evans Luciano, born July 12, 1964) is an American actress."
3196793,/m/08yl5d,JonBenet Ramsey,F,,,Julia Granstrom,/m/0lr37ds,/m/0lr3z87,/m/08w75d,1994-01-01,2000-02-16,,,,
3196793,/m/08yl5d,,M,,,Brad Greenquist,/m/0lr37dm,,/m/0k1vd2,1959-10-08,2000-02-16,,,,"Brad Greenquist (born October 8, 1959) is an American actor."
3196793,/m/08yl5d,,M,,/m/0x67,Albert Hall,/m/0lr37dy,,/m/01lntp,1937-11-10,2000-02-16,African American,African,,"The Royal Albert Hall is a concert hall on the northern edge of South Kensington, London, England. It has a seating capacity of 5,272."
3196793,/m/08yl5d,,M,,,Chris Krisea,/m/0lr37fr,,/m/0gcdnn4,1949-01-01,2000-02-16,,,,
28463795,/m/0crgdbh,,M,,,Frank Krog,/m/0gct1bn,,/m/053j7xf,1954-10-05,1988-01-01,,,,Hallgeir Frank Krog (5 October 1954 – 23 December 2008) was a Norwegian actor.
28463795,/m/0crgdbh,,F,,,Kristin Kajander,/m/0gct1bv,,/m/0gct1by,1959-02-28,1988-01-01,,,,
28463795,/m/0crgdbh,,M,,,Vidar Sandem,/m/0gct1c5,,/m/0bwh7d8,1947-01-01,1988-01-01,,,,"Vidar Sandem (born 19 February 1947) is a Norwegian actor, playwright and theatre director."
28463795,/m/0crgdbh,,F,,,Anne Krigsvoll,/m/0gct1cb,,/m/04ghdvq,1957-02-04,1988-01-01,,,,"Anne Katharine Krigsvoll (born 4 February 1957) is a Norwegian actress. She debuted at Nationaltheatret (the National Theatre) in 1982, and has worked there since. Here she has had roles such as ""Shui..."
261236,/m/01mrr1,,F,,,Gudrun Landgrebe,/m/02vb3cv,,/m/09d6hv,1950-06-20,1983-01-01,,,,Gudrun Landgrebe (German: [ˈɡuːdʁʊn ˈlantˌɡʁeːbə] ; born 20 June 1950) is a German actress.
261236,/m/01mrr1,,M,,,Mathieu Carrière,/m/02tbd9f,,/m/06prxs,1950-08-02,1983-01-01,,,,Mathieu Carrière (German: [maˈtjø kaˈʁjɛʁ] ; born 2 August 1950) is a German stage and screen actor with strong French connections. He has appeared in around 250 films worldwide and in 4000 hours of t...
261236,/m/01mrr1,,M,,,Hanns Zischler,/m/02vdfng,,/m/09k3x_,1947-06-18,1983-01-01,,,,Hanns Zischler (born 18 June 1947) is a German actor known for his cooperation with Wim Wenders's early films especially Kings of the Road (1976). Later he became an international star with his portra...
2238856,/m/06yc6v,Richard Swersey,M,1.78,,John Hawkes,/m/0k0jnm,/m/0g98dqk,/m/0785v8,1959-09-11,2005-01-01,,,,"John Hawkes (actor) (born 1959), American film and television actor"
2238856,/m/06yc6v,Christine Jesperson,F,,,Miranda July,/m/0k0jng,/m/0g98dqs,/m/06s5pl,1974-02-15,2005-01-01,,,,"Miranda July (born Miranda Jennifer Grossinger; February 15, 1974) is an American film director, screenwriter, actress and author. Her body of work includes film, fiction, monologue, digital presentat..."
2238856,/m/06yc6v,Robby Swersey,M,,,Brandon Ratcliff,/m/09hyqd5,/m/0g98dtr,/m/0287qtg,1998-04-14,2005-01-01,,,,"Me and You and Everyone We Know is a 2005 American romantic comedy-drama film written and directed by Miranda July. She also acts in the starring role, opposite John Hawkes. The film was the first maj..."
2238856,/m/06yc6v,Andrew,M,1.93,,Brad William Henke,/m/0bf1hhc,/m/0g98drm,/m/02q288g,1966-04-10,2005-01-01,,,,"Brad William Henke (April 10, 1966 – November 29, 2022) was an American actor and National Football League (NFL) and Arena Football League (AFL) player. He was best known for his role as Corrections O..."
2238856,/m/06yc6v,Heather,F,,,Natasha Slayton,/m/02vd36b,/m/0g98dsr,/m/026zpch,1988-08-19,2005-01-01,,,,
2238856,/m/06yc6v,Rebecca,F,1.68,,Najarra Townsend,/m/0k0jp7,/m/0g98dt_,/m/0k0jn4,1989-12-05,2005-01-01,,,,
2238856,/m/06yc6v,Nancy Herrington,F,1.65,,Tracy Wright,/m/0cg45pc,/m/0g98dt7,/m/0cc9plh,1959-12-07,2005-01-01,,,,"Tracy Wright (December 7, 1959 – June 22, 2010) was a Canadian actress who was known for her stage and film performances, as well as her presence in Canada's avant-garde for over 20 years."
2238856,/m/06yc6v,Ellen,F,,,Ellen Geer,/m/0bf1hhj,/m/0g98dsh,/m/0d15j6,1941-08-29,2005-01-01,,,,"Ellen Geer is an American actress, professor, and theatre director."
2238856,/m/06yc6v,Sylvie's Mom,F,,,Colette Kilroy,/m/0g98dwn,/m/0g98dwr,/m/0bg70sm,1960-02-04,2005-01-01,,,,
2314463,/m/0734w5,,M,1.63,,Dian Bachar,/m/04htrcm,,/m/05wxzz,1970-10-26,2006-01-01,,,,"Dian Bachar is an American actor most notable for his roles in various films by or starring his friends Trey Parker and Matt Stone, such as Cannibal! The Musical (George Noon), Orgazmo (Ben Chapleski)..."
2314463,/m/0734w5,,M,1.63,/m/041rx,Seth Green,/m/04htrcg,,/m/0gz5hs,1974-02-08,2006-01-01,Jewish,Middle Eastern,,"Seth Benjamin Green (né Gesshel-Green; born February 8, 1974) is an American actor. His film debut came with a role in the comedy-drama film The Hotel New Hampshire (1984), and he went on to have supp..."
2314463,/m/0734w5,Taper Guy,M,1.87,/m/033tf_,Matt Stone,/m/0cgn0lx,/m/0h0z488,/m/01_x6d,1971-05-26,2006-01-01,Irish,European,,"Matthew Richard Stone (born May 26, 1971) is an American actor, animator, writer, producer, and musician. He is best known for co-creating South Park (since 1997) and The Book of Mormon (2011) with hi..."
2314463,/m/0734w5,,M,,,Kyle McCulloch,/m/0cgn8qq,,/m/02cm2m,1961-02-02,2006-01-01,,,,"Kyle McCulloch (born November 11, 1962) is a Canadian writer for the TV cartoon South Park, and is largely responsible for the show's Canadian culture themes. He will also occasionally provide the voi..."
2314463,/m/0734w5,,M,,,Les Claypool,/m/0cgnmf4,,/m/0dw3l,1963-09-29,2006-01-01,,,,"Leslie Edward Claypool (born September 29, 1963) is an American rock musician.  He is the founder, lead singer, bassist, and primary songwriter of the band Primus. Listed as one of the greatest bassis..."
2314463,/m/0734w5,,M,,/m/04gfy7,Arj Barker,/m/0cgnvt9,,/m/01qbb_,1974-08-12,2006-01-01,Indian,Indian,,"Arjan Singh Āulakh (born August 12, 1974), known by the stage name Arj Barker, is an American comedian and actor from San Anselmo, California. He has toured in North America, Australia, New Zealand an..."
2314463,/m/0734w5,,F,,,Sirena Irwin,/m/0cgnl8f,,/m/094qth,1977-09-26,2006-01-01,,,,"Sirena Irwin is an American voice director, casting director, and actress. Her career in animation casting and directing began in 2017 after a career as an actress in animation and a two-year mentorsh..."
2314463,/m/0734w5,,M,1.8,,Sam Maccarone,/m/0cgnxyc,,/m/03cxtgs,1975-03-14,2006-01-01,,,,
2314463,/m/0734w5,,M,,,Bob Weir,/m/04nkwlg,,/m/02v1vq,1947-10-16,2006-01-01,,,,"Robert Hall Weir ( WEER; né Parber, born October 16, 1947) is an American musician and songwriter best known as a founding member of the Grateful Dead. After the group disbanded in 1995, Weir performe..."
175026,/m/017n1p,,F,1.57,,Ruth Chatterton,/m/02vcvlm,,/m/0173p_,1892-12-24,1930-01-01,,,,"Ruth Chatterton (December 24, 1892 – November 24, 1961) was an American stage, film, and television actress, aviator and novelist. She was at her most popular in the early to mid-1930s, and in the sam..."
175026,/m/017n1p,,M,1.78,,Fredric March,/m/03l6s7d,,/m/0h1_w,1897-08-31,1930-01-01,,,,"Fredric March (born Ernest Frederick McIntyre Bickel; August 31, 1897 – April 14, 1975) was an American actor, regarded as one of Hollywood's most celebrated stars of the 1930s and 1940s. As a perform..."
24229100,/m/07kjkz6,,M,,,Juzo Itami,/m/07lmp51,,/m/02d7rn,1933-05-15,1974-01-01,,,,"Juzo Itami (伊丹 十三, Itami Jūzō), born Yoshihiro Ikeuchi (池内 義弘, Ikeuchi Yoshihiro, May 15, 1933 – December 20, 1997), was a Japanese actor, screenwriter and film director. He directed eleven films (one..."
24229100,/m/07kjkz6,,F,,,Meiko Kaji,/m/07lmp56,,/m/0576kw,1947-03-24,1974-01-01,,,,"Meiko Kaji (梶 芽衣子, Kaji Meiko, born March 24, 1947) is a Japanese actress and singer. Since the 1960s, she has appeared in over 100 film and television roles, most prominently in the 1970s with her mo..."
24229100,/m/07kjkz6,,M,,,Yoshio Harada,/m/0crv24c,,/m/0chg_3,1940-02-29,1974-01-01,,,,"Yoshio Harada (原田 芳雄, Harada Yoshio, 29 February 1940 – 19 July 2011) was a Japanese actor best known for playing rebels in a career that spanned six decades."
24229100,/m/07kjkz6,,F,1.57,,Kazuko Yoshiyuki,/m/0cv_zxf,,/m/05zs55n,1935-08-09,1974-01-01,,,,"Kazuko Yoshiyuki (吉行和子, Yoshiyuki Kazuko) (born 9 August 1935) is a Japanese actress, voice actress and essayist."
24229100,/m/07kjkz6,,M,,,Shin Kishida,/m/0gc9vk1,,/m/03ccs9p,1939-10-17,1974-01-01,,,,"Shin Kishida (岸田 森, 17 October 1939 – 28 December 1982) was a Japanese television, film, and stage actor."
18296435,/m/04cqrs4,,F,,,Müjde Ar,/m/04lshtr,,/m/04fd3kh,1954-06-21,1986-01-01,,,,"Kamile Suat Ebrem (born 21 June 1954), better known as Müjde Ar, is a Turkish film actress."
32456683,/m/0gyryjt,,M,,,Erwin Geschonneck,/m/0h40xcx,,/m/02qyp1n,1906-12-27,1967-01-01,,,,"Erwin Geschonneck (27 December 1906 – 12 March 2008) was a German actor. His biggest success occurred in the German Democratic Republic, where he was considered one of the most famous actors of the ti..."
175024,/m/017n1b,,F,1.68,,ZaSu Pitts,/m/03jt635,,/m/01lr4p,1894-01-03,1930-01-01,,,,"ZaSu Pitts (; January 3, 1894 – June 7, 1963) was an American actress who, in a career spanning nearly five decades, starred in many silent film dramas, such as Erich von Stroheim's 1924 epic Greed, a..."
18768079,/m/04gvb8t,,F,,,Florence Rice,/m/04lrkll,,/m/041b8d,1907-02-14,1938-07-05,,,,"Florence Davenport Rice (February 14, 1907 – February 23, 1974) was an American film actress."
18768079,/m/04gvb8t,,M,1.86,/m/041rx,Melvyn Douglas,/m/04lrklr,,/m/015gy7,1901-04-05,1938-07-05,Jewish,Middle Eastern,,"Melvyn Douglas (born Melvyn Edouard Hesselberg, April 5, 1901 – August 4, 1981) was an American actor. Douglas came to prominence in 1929 as a suave leading man, perhaps best typified by his performan..."
612710,/m/02wjqm,,M,,,John Lurie,/m/0gc7zjw,,/m/01nz7jg,1952-12-14,1999-10-01,,,,"John Lurie (born December 14, 1952) is an American musician, painter, actor, director, and producer. He co-founded the Lounge Lizards jazz ensemble; has acted in 19 films, including Stranger than Para..."
612710,/m/02wjqm,Sandii,F,1.68,/m/0222qb,Asia Argento,/m/02vcxk_,/m/0h2l6rx,/m/028pzq,1975-09-20,1999-10-01,Italian,European,,"Asia Argento (Italian: [ˈaːzja arˈdʒɛnto]; born Aria Maria Vittoria Rossa Argento; 20 September 1975) is an Italian actress and filmmaker. The daughter of filmmaker Dario Argento, she has had roles in..."
612710,/m/02wjqm,Fox,M,1.83,/m/01qhm_,Christopher Walken,/m/02vbmy1,/m/0gy8nnx,/m/016fjj,1943-03-31,1999-10-01,German,European,,"Christopher Walken (born Ronald Walken; March 31, 1943) is an American actor. His diverse work on stage and screen has earned him numerous accolades including an Academy Award, a BAFTA Award, a Screen..."
612710,/m/02wjqm,,M,1.78,,Willem Dafoe,/m/03jt5xk,,/m/01f7dd,1955-07-22,1999-10-01,,,,"William James ""Willem"" Dafoe ( də-FOH or  DAY-foh; born July 22, 1955) is an American actor. Known for his prolific career portraying diverse roles in both mainstream and arthouse films, he is the rec..."
612710,/m/02wjqm,,M,,,Yoshitaka Amano,/m/0gc714w,,/m/02149s,1952-07-28,1999-10-01,,,,"Yoshitaka Amano (Japanese: 天野 喜孝, born March 26, 1952) is a Japanese visual artist, character designer, illustrator, a scenic designer for theatre and film, and a costume designer. He first came into ..."
612710,/m/02wjqm,Madame Rosa,F,1.57,,Annabella Sciorra,/m/0gcjr12,/m/0h32n8_,/m/0338ws,1960-03-29,1999-10-01,,,,"Annabella Gloria Sciorra ( SHOR-ə, Italian: [ˈʃɔrra]; born March 29, 1960) is an American actress. She came to prominence with her film debut in True Love (1989) and worked steadily throughout the 199..."
612710,/m/02wjqm,,F,1.676,,Gretchen Mol,/m/0gckjs6,,/m/02l6dy,1972-11-08,1999-10-01,,,,"Gretchen Mol (born November 8, 1972) is an American actress. She is known for her role as Gillian Darmody in the HBO series Boardwalk Empire (2010–2014). She also appeared in the films Rounders (1998)..."
31983669,/m/0g4_n3m,Dandy' Mustapha,,,,Yvan Kyrlya,/m/0g4_ndf,/m/0g4_nbm,/m/05zqdwf,1909-03-17,1931-09-30,,,,"Yvan Kyrlya (real name Kirill Ivanovich Ivanov) (Russian: Йыва́н Кы́рла; 17 March 1909, Kupsola – July 1943) was a Mari Soviet actor and poet, famous for his role of Mustafa Fert in the first Soviet s..."
31983669,/m/0g4_n3m,"Tomka Zhigan, leader of the wild boys",M,,,Mikhail Zharov,/m/0g4_ndp,/m/0g4_nbx,/m/07m08h,1899-10-27,1931-09-30,,,,Mikhail Ivanovich Zharov (Russian: Михаи́л Ива́нович Жа́ров; 27 October 1899 – 15 December 1981) was a Soviet and Russian stage and film actor and director. People's Artist of the USSR (1949) and Hero...
31983669,/m/0g4_n3m,,M,,,Vladimir Uralsky,/m/0g4_nfp,,/m/0jt1q2,1887-08-28,1931-09-30,,,,Vladimir Mikhailovich Uralsky (Russian: Владимир Миха́йлович  Уральский) was a Russian and Soviet stage and film actor. Uralsky appeared in more than 100 films.
31983669,/m/0g4_n3m,,F,,,Ekaterina Zelyonaya,/m/0g4_nfy,,/m/09rnmn,1902-11-07,1931-09-30,,,,"Ekaterina Vasilyevna Zelyonaya (Russian: Екатерина Васильевна Зелёная); (7 November [O.S. 25 October] 1901 — 1 April 1991, Moscow), better known by her stage name Rina Zelyonaya, was a Soviet actress,..."
31983669,/m/0g4_n3m,,M,,,Georgiy Zhzhonov,/m/0g4_ng1,,/m/07kt8y,1915-03-22,1931-09-30,,,,"Georgiy Stepanovich Zhzhonov (Russian: Гео́ргий Степа́нович Жжёнов, IPA: [ɡʲɪˈorɡʲɪj sʲtʲɪˈpanəvʲɪdʑ ˈʐːonəf]; 22 March 1915 – 8 December 2005), was a Soviet and Russian stage and film actor and write..."
31983669,/m/0g4_n3m,Nikolai Sergeiev,M,,,Nikolai Batalov,/m/0g4_nd9,/m/0g4_nbj,/m/0jt1lz,1899-12-06,1931-09-30,,,,Nikolai Petrovich Batalov (Russian: Николай Петрович Баталов; 6 December 1899 in Moscow – 10 November 1937 in Moscow) was a Soviet and Russian stage and film actor. He performed in a number of notable...
17715326,/m/047t9rb,,M,,,Graham McNamee,/m/0jz1t0_,,/m/07g4h_,1888-07-10,1935-09-01,,,,"Thomas Graham McNamee (July 10, 1888 – May 9, 1942) was an American radio broadcaster, the medium's most recognized national personality in its first international decade. He originated play-by-play s..."
22087420,/m/05pckh0,,M,,,Peppino De Filippo,/m/05tfhgz,,/m/08392m,1903-08-24,1959-12-22,,,,"Giuseppe ""Peppino"" De Filippo (24 August 1903 – 27 January 1980) was an Italian actor."
156558,/m/014k4y,Yvette,F,1.65,/m/0x67,Taraji P. Henson,/m/0jtx5t,/m/03jnxj_,/m/0blbxk,1970-09-11,2001-06-27,African American,African,,"Taraji Penda Henson ( tə-RAH-jee; born September 11, 1970) is an American actress. She has received several accolades, including a Golden Globe Award as well as nominations for an Academy Award, a Ton..."
156558,/m/014k4y,Jody,M,1.797,/m/0x67,Tyrese Gibson,/m/0jtx5h,/m/03jnxf4,/m/01l1b90,1978-12-30,2001-06-27,African American,African,,"Tyrese Darnell Gibson (born December 30, 1978) is an American R&B singer and actor from Los Angeles, California. He signed with RCA Records in 1998, and released his debut single ""Nobody Else"" in Augu..."
156558,/m/014k4y,,M,,/m/0x67,Anthony Johnson,/m/04q66gt,,/m/0fdb14,1965-01-01,2001-06-27,African American,African,,"Tony Johnson (Australian politician) (1924–2001), Australian politician from New South Wales"
156558,/m/014k4y,Host,F,,/m/0x67,Kym Whitley,/m/03jny9p,/m/03jny9s,/m/08ynj7,1961-06-07,2001-06-27,African American,African,,"Kym Whitley is an American comedian, actress and podcaster. She is known for her roles on television sitcoms, such as My Brother and Me, Sparks, Animal Practice, The Boondocks, Young & Hungry, The Par..."
156558,/m/014k4y,Elderly Woman,F,,,Amentha Dymally,/m/03jny7_,/m/03jny82,/m/03jny8b,1934-07-27,2001-06-27,,,,
156558,/m/014k4y,Rodney,M,1.918,/m/0x67,Snoop Dogg,/m/0jtx5n,/m/03jnx_2,/m/01vw8mh,1971-10-20,2001-06-27,African American,African,,"Calvin Cordozar Broadus Jr. ( BROH-dis; born October 20, 1971), also known by his stage name Snoop Dogg (previously Snoop Doggy Dogg), is an American rapper, singer, songwriter, record producer, media..."
156558,/m/014k4y,Sneed,M,,/m/0x67,Keith Diamond,/m/03jnxyv,/m/03jnxyy,/m/02vqm5_,1962-03-26,2001-06-27,African American,African,,"Keith Diamond (songwriter) (1950–1997), American songwriter and producer"
156558,/m/014k4y,Patrice,F,1.75,/m/0x67,Mo'Nique Imes-Jackson,/m/03jnxw0,/m/03jnxw3,/m/04znsy,1967-12-11,2001-06-27,African American,African,,"Monique Angela Hicks (née Imes; born December 11, 1967), known mononymously as Mo'Nique, is an American stand-up comedian and actress. She has received various accolades, including an Academy Award, B..."
156558,/m/014k4y,Sharika,F,,/m/0x67,Tracey Cherelle Jones,/m/03jnxs7,/m/03jnxsb,/m/043q4nc,1970-12-27,2001-06-27,African American,African,,
156558,/m/014k4y,Kim,F,1.62,/m/0x67,Angell Conwell,/m/03jnxqv,/m/03jnxqy,/m/0cj0pq,1983-08-02,2001-06-27,African American,African,,"Angell Conwell (born August 2, 1983) is an American actress. She is known for her roles as Leslie Michaelson in the CBS daytime soap opera, The Young and the Restless and Lisa Stallworth in the Bounce..."
156558,/m/014k4y,Melvin,M,1.83,/m/0x67,Ving Rhames,/m/03jnxct,/m/03jnxcx,/m/032zg9,1959-05-12,2001-06-27,African American,African,,"Irving Rameses Rhames (; born May 12, 1959) is an American actor. He is best known for portraying IMF Agent Luther Stickell in the Mission: Impossible film series (1996–present) and crime boss Marsell..."
156558,/m/014k4y,Juanita,F,,/m/0x67,Adrienne-Joi Johnson,/m/03jnxq3,/m/03jnxq6,/m/0d26p8,1963-09-03,2001-06-27,African American,African,,"Adrienne-Joi Johnson (born January 2, 1963), also known as A.J. Johnson, is an American actress, choreographer, fitness trainer, and life coach. Acting since 1987, Johnson has made many guest appearan..."
156558,/m/014k4y,Sweetpea,M,1.829,/m/0x67,Omar Gooding,/m/03jnxn4,/m/03jnxn7,/m/05cgxx,1976-10-19,2001-06-27,African American,African,,"Omar Miles Gooding (born October 19, 1976), also known by his stage name Big O, is an American actor and comedian."
9633533,/m/02pml15,,F,,,Girija,/m/04618n3,,/m/02qd2vx,1969-07-20,1989-01-01,,,,"Girija is one of the names of Parvati, the wife of the Hindu god Shiva.  The word in Sanskrit means ""one who is born to mountain (Giri)""."
9633533,/m/02pml15,Unnikrishnan,M,1.72,/m/0dryh9k,Mohanlal,/m/03lzkb6,/m/0h8gsxq,/m/02fbpz,1960-05-21,1989-01-01,Indian,Indian,,"Mohanlal Viswanathan (IPA: [moːhɐnlaːl ʋiʃʋʷɐn̪aːt̪ʰɐn]; born 21 May 1960)), known mononymously as Mohanlal, is an Indian actor, film producer, playback singer, film distributor, and director who pred..."
9633533,/m/02pml15,,M,,,Jagadish,/m/05nqxds,,/m/026xrvd,1958-06-12,1989-01-01,,,,"P. V. Jagadish Kumar (born 12 June 1955), better known mononymously as Jagadish, is an Indian actor, screenwriter, and television presenter. He has starred in over 400 Malayalam films and two Hindi fi..."
9633533,/m/02pml15,,F,,/m/0dryh9k,Sukumari,/m/0664v_1,,/m/0fy2s1,1940-10-06,1989-01-01,Indian,Indian,,"Sukumari Amma (6 October 1940 – 26 March 2013) was an Indian actress best known for her works in Malayalam and Tamil films. In a career spanning more than five decades, She has appeared in more than 2..."
9633533,/m/02pml15,,M,,/m/048sp5,Mukesh,/m/02vchq1,,/m/0bwqq2,1960-10-21,1989-01-01,Ezhava,Indian,,"Mukesh is an epithet for the Hindu god Shiva, and literally means ""conqueror of the Muka demon"". It is commonly used as a male given name in India."
9633533,/m/02pml15,,M,,/m/0dryh9k,Cochin Haneefa,/m/0b6tkd8,,/m/0f2c8g,1951-04-22,1989-01-01,Indian,Indian,,"Cochin Haneefa (22 April 1951 – 2 February 2010) was an Indian actor, film director, and screenwriter. He started his career in the 1970s mainly portraying villainous roles, before going on to become ..."
9633533,/m/02pml15,Advertising Boss,M,,/m/0dryh9k,Manianpilla Raju,/m/0c5m5_2,/m/0h7l1kt,/m/047twb3,1955-01-01,1989-01-01,Indian,Indian,,"Sudheer Kumar (born 20 April 1955), better known by his stage name Maniyanpilla Raju (Malayalam: മണിയൻപിള്ള രാജു), is an Indian actor and producer who works in Malayalam film industry. His debut film ..."
9633533,/m/02pml15,,M,,,M. G. Soman,/m/0gb119v,,/m/07l4md,1941-09-24,1989-01-01,,,,M. G. Soman (28 October 1941 – 12 December 1997) was an Indian actor and former Indian Air Force officer who appeared in Malayalam films. He was one among the leading star actors doing hero roles in M...
9633533,/m/02pml15,,M,,/m/04mvp8,Nedumudi Venu,/m/05nqxdm,,/m/02hkw6,1948-05-22,1989-01-01,Malayali,Indian,,"Kesavan Venugopal (22 May 1948 – 11 October 2021), better known by his stage name Nedumudi Venu, was an Indian actor and screenwriter from Kerala, who predominantly worked in Malayalam cinema. He acte..."
24029843,/m/02rgj5h,Lucy,F,1.68,/m/0bzkm2,Ruby Lin,/m/0crv1yf,/m/0h735qm,/m/04rfng,1976-01-27,2009-01-01,Taiwanese,Asian,,"Ruby Lin Xin-ru (Chinese: 林心如; pinyin: Lín Xīnrú; born January 27, 1976) is a Taiwanese actress, television and film producer, and pop singer. American entertainment critic Derek Elley named Lin as ""T..."
24029843,/m/02rgj5h,Sophie,F,1.63,,Zhang Ziyi,/m/0crt4y4,/m/0h168w0,/m/0jlv5,1979-02-09,2009-01-01,,,,"Zhang Ziyi ([ʈʂáŋ tsɹ̩̀.ǐ]; Chinese: 章子怡; born 9 February 1979), sometimes credited Ziyi Zhang, is a Chinese actress, model, and former dancer. Known for playing independent and strong-willed characte..."
24029843,/m/02rgj5h,Joanna,F,1.68,/m/02p1pl6,Fan Bing-Bing,/m/0cs6q86,/m/0h2x3k1,/m/09wn3y,1981-09-16,2009-01-01,,,,"Fan Bingbing (Chinese: 范冰冰, born 16 September 1981) is a Chinese actress."
